run_id,mode,seed,family,snapshot_count,accepted_moves,score_start,score_end,score_best,score_slope,score_ls_slope,D_min_ratio_start,D_min_ratio_end,D_min_ratio_slope,D_min_ratio_ls_slope,P_4_start,P_4_end,P_4_slope,P_4_ls_slope,P_8_start,P_8_end,P_8_slope,P_8_ls_slope,P_16_start,P_16_end,P_16_slope,P_16_ls_slope,kappa_max_start,kappa_max_end,kappa_max_slope,kappa_max_ls_slope,Q_ratio_start,Q_ratio_end,Q_ratio_slope,Q_ratio_ls_slope,InitHardness_start,InitHardness_end,InitHardness_slope,InitHardness_ls_slope,final_label,final_canonical_hash,score0_candidate_paths
score_only_seed1,score_only,1,pure_random,31,35,328,12,8,-0.10533333333333333,-0.01746774193548387,0.47560975609756095,1.0,0.00017479674796747969,-0.00011747639653815893,0.5232732732732732,0.008258258258258258,-0.00017167167167167168,-2.880097839775259e-05,0.5487987987987988,0.03303303303303303,-0.0001719219219219219,-2.6067398043204493e-05,0.6193693693693694,0.15315315315315314,-0.0001554054054054054,-2.3152184442507025e-05,5.333333333333333,1.0,-0.0014444444444444444,-0.00019153225806451608,0.9685806233062331,25.412037037037038,0.008147818804576934,-0.003395648077574526,466.17142857143335,-1369.8285714285666,-0.612,-0.4034838709677419,unknown_final,7b5374f7f9bd253e48900588cafb4d0458f5f6cb165e46ea7b0c1c8ef88bbdac,[]
score_only_seed2,score_only,2,pure_random,31,30,628,16,8,-0.204,-0.03632258064516129,0.5987261146496815,0.75,5.042462845010617e-05,-9.790682145058558e-05,0.7004504504504504,0.03153153153153153,-0.00022297297297297296,-3.768587135522619e-05,0.7162162162162162,0.0533033033033033,-0.00022097097097097096,-3.527317640220866e-05,0.7477477477477478,0.18618618618618618,-0.0001871871871871872,-2.995737673157028e-05,9.0,1.25,-0.0025833333333333333,-0.00042170698924731177,0.5059271054493985,19.34375,0.006279274298183534,-0.00166889988092996,470.17142857143335,-713.8285714285666,-0.39466666666666667,-0.14969354838709678,escapable_final,e010e8efd9aeda5dbdc235f3392e24e6ad85e3b1186d38748eb35b86051b095a,[]
score_only_seed3,score_only,3,pure_random,31,27,120,16,8,-0.034666666666666665,-0.006516129032258064,0.43333333333333335,0.75,0.00010555555555555555,6.854838709677419e-05,0.31456456456456455,0.013513513513513514,-0.00010035035035035033,-1.6289474958829796e-05,0.37537537537537535,0.038288288288288286,-0.00011236236236236236,-1.6377264361135328e-05,0.484984984984985,0.17642642642642642,-0.00010285285285285286,-1.5735493558074196e-05,3.5,1.25,-0.00075,-0.0001502016129032258,2.633564814814815,19.20659722222222,0.005524344135802469,0.0022162391726403825,226.17142857143335,-1029.8285714285666,-0.4186666666666667,-0.16908064516129032,escapable_final,a119f60a5cbb62854e124d29432affe0715d6b9b934b594ac8b24b3e53b61b7b,[]
score_only_seed4,score_only,4,pure_random,31,46,316,12,4,-0.10133333333333333,-0.01951612903225806,0.5443037974683544,1.0,0.00015189873417721517,6.761603375527425e-05,0.5405405405405406,0.008258258258258258,-0.00017742742742742746,-3.580596725758016e-05,0.5630630630630631,0.026276276276276277,-0.00017892892892892894,-3.885437857212051e-05,0.6186186186186187,0.14114114114114115,-0.00015915915915915916,-3.790988569214376e-05,5.0,1.0,-0.0013333333333333333,-0.0002614247311827957,1.0058895921237694,25.810185185185187,0.008268098531020472,0.005751897452238632,490.17142857143335,-681.8285714285666,-0.39066666666666666,-0.032258064516129024,unknown_final,c2bc7ea4f76b96a103e1e398f12ca5eaaecc1b60cb9a75334b3f0040d48b7401,[]
score_only_seed5,score_only,5,pure_random,31,19,180,12,12,-0.056,-0.01014516129032258,0.4222222222222222,1.3333333333333333,0.00030370370370370366,7.157258064516128e-05,0.40765765765765766,0.006756756756756757,-0.00013363363363363363,-2.3379226000193743e-05,0.45645645645645644,0.03228228228228228,-0.00014139139139139137,-2.6073452484742806e-05,0.5397897897897898,0.15015015015015015,-0.00012987987987987987,-2.396650682941006e-05,5.0,0.8333333333333334,-0.001388888888888889,-0.0002570340501792115,1.758641975308642,25.729166666666668,0.007990174897119342,0.0014206499215949824,302.17142857143335,-821.8285714285666,-0.37466666666666665,-0.07696774193548388,false_basin_final,bbbd4f3a7f0541ccfe88b3ee6d0d824a21b5cfe6d2afba0c53734dbb0e8f226e,[]
score_only_seed6,score_only,6,pure_random,31,41,316,16,8,-0.1,-0.01691935483870968,0.5949367088607594,1.0,0.00013502109704641353,-3.726010616578194e-06,0.5773273273273273,0.02177177177177177,-0.00018518518518518515,-3.077472633924247e-05,0.6103603603603603,0.04954954954954955,-0.0001869369369369369,-2.8679889566986338e-05,0.6764264264264265,0.18393393393393392,-0.00016416416416416418,-1.75972343311053e-05,7.0,1.0,-0.002,-0.0003455645161290322,0.9970112517580872,19.354166666666668,0.006119051804969526,-0.0018658166527721063,86.17142857143335,-689.8285714285666,-0.25866666666666666,-0.05935483870967742,unknown_final,5d031c494e712a61ccc17c424aaa90c8df500cc6c81536f6ea3d665de29f8bfb,[]
score_only_seed7,score_only,7,pure_random,31,29,440,8,8,-0.144,-0.027016129032258064,0.6454545454545455,1.5,0.00028484848484848485,-9.402492668621703e-06,0.6569069069069069,0.0045045045045045045,-0.00021746746746746748,-4.043761503438923e-05,0.6771771771771772,0.02177177177177177,-0.00021846846846846845,-3.9608156543640414e-05,0.7252252252252253,0.1066066066066066,-0.00020620620620620623,-4.123982853821564e-05,7.75,0.8,-0.0023166666666666665,-0.00038702956989247316,0.7209595959595959,39.239583333333336,0.012839541245791246,0.0049630533323829695,398.17142857143335,-77.82857142856665,-0.15866666666666668,-0.1399516129032258,false_basin_final,41422ce264020d90a6f8ff6c4e6def606c165980bd507c968f0a1af6ed32b144,[]
score_only_seed8,score_only,8,pure_random,31,23,288,20,12,-0.08933333333333333,-0.01588709677419355,0.6111111111111112,0.8,6.296296296296296e-05,4.744623655913979e-05,0.5608108108108109,0.03153153153153153,-0.00017642642642642643,-3.225503729535988e-05,0.5893393393393394,0.07582582582582582,-0.00017117117117117117,-3.161326649229875e-05,0.6411411411411412,0.21996996996996998,-0.0001403903903903904,-2.5816138719364522e-05,6.0,1.3333333333333333,-0.0015555555555555557,-0.00031720430107526885,1.0812114197530864,15.404166666666667,0.00477431841563786,1.7545456242532732e-05,-441.82857142856665,-917.8285714285666,-0.15866666666666668,0.005209677419354838,escapable_final,e54c24a23cdcc8b30cc907455958abc01a37847096bf1fc066a345f251822f4e,[]
score_only_seed9,score_only,9,pure_random,31,19,252,12,12,-0.08,-0.014306451612903226,0.5396825396825397,1.0,0.00015343915343915345,2.784178187403994e-05,0.524024024024024,0.009009009009009009,-0.00017167167167167168,-3.1449796570764316e-05,0.5578078078078078,0.03678678678678678,-0.00017367367367367365,-3.166170202460525e-05,0.6223723723723724,0.15465465465465467,-0.00015590590590590592,-2.8701080112370437e-05,4.8,1.0,-0.0012666666666666666,-0.00022983870967741935,1.2324735449735449,25.41435185185185,0.00806062610229277,0.0011225551768646524,-557.8285714285666,-1365.8285714285666,-0.2693333333333333,-0.06124193548387097,unknown_final,73c6a62696127592a30222d3333693abe58f97aa62843d8e46a546e04b2fb06a,[]
score_only_seed10,score_only,10,pure_random,31,26,208,12,8,-0.06533333333333333,-0.011806451612903225,0.5384615384615384,1.0,0.00015384615384615385,3.194789081885856e-05,0.46321321321321324,0.014264264264264264,-0.00014964964964964966,-2.490191804707934e-05,0.5022522522522522,0.03303303303303303,-0.0001564064064064064,-2.5328756175530367e-05,0.5795795795795796,0.1539039039039039,-0.0001418918918918919,-2.4266201685556535e-05,4.0,1.0,-0.001,-0.00018387096774193548,1.4879807692307692,25.40972222222222,0.007973913817663818,0.0011904391111800378,-713.8285714285666,-1373.8285714285666,-0.22,-0.21633870967741936,unknown_final,444af5b67c8832b4c810483a87521045c4fd6aa260311252c34ea98713b67dc2,[]
score_only_seed11,score_only,11,pure_random,31,25,424,12,12,-0.13733333333333334,-0.02635483870967742,0.5849056603773585,1.0,0.00013836477987421385,2.4098447961046867e-05,0.6051051051051051,0.010510510510510511,-0.00019819819819819818,-3.903298459750072e-05,0.6253753753753754,0.025525525525525526,-0.00019994994994994994,-4.359197907585004e-05,0.6696696696696697,0.14339339339339338,-0.00017542542542542543,-4.08129904097646e-05,7.0,1.0,-0.002,-0.00036189516129032267,0.7487552410901468,25.766203703703702,0.008339149487537851,0.003846450455848042,434.17142857143335,-757.8285714285666,-0.3973333333333333,-0.020854838709677425,unknown_final,afde2478f1d9e4c22d0dce579cfba89df1478254bc2fd2e073ba5c5344ba8bdf,[]
score_only_seed12,score_only,12,pure_random,31,26,636,8,4,-0.20933333333333334,-0.040467741935483866,0.660377358490566,1.5,0.000279874213836478,0.0003419126597687158,0.7304804804804805,0.0015015015015015015,-0.00024299299299299301,-4.752433885498402e-05,0.7507507507507507,0.01876876876876877,-0.000243993993993994,-5.125084762181537e-05,0.7837837837837838,0.11486486486486487,-0.00022297297297297296,-5.973009299622203e-05,7.666666666666667,0.75,-0.0023055555555555555,-0.0005239919354838709,0.49803459119496857,38.58680555555556,0.012696256988120198,0.017056071123143075,330.17142857143335,-829.8285714285666,-0.38666666666666666,0.05158064516129032,false_basin_final,fe287c333882b867eaa456fcd87840160e8b9fe30fc6e78bf678df4fc5231bd0,[]
score_only_seed13,score_only,13,pure_random,31,28,260,12,8,-0.08266666666666667,-0.015338709677419357,0.5230769230769231,1.0,0.00015897435897435896,7.488110008271298e-05,0.5127627627627628,0.010510510510510511,-0.00016741741741741742,-2.937615034389228e-05,0.5533033033033034,0.03153153153153153,-0.00017392392392392395,-3.174646420614163e-05,0.6193693693693694,0.1478978978978979,-0.00015715715715715716,-2.9215707643127002e-05,5.5,1.0,-0.0015,-0.0002889784946236559,1.208653846153846,25.636574074074073,0.008142640075973408,0.0027784724376206226,-29.828571428566647,-981.8285714285666,-0.31733333333333336,0.031903225806451614,unknown_final,0208a8a2f9fd3035adb02e8df85ba11aef88b7b22c3bb8c373c98797014395b4,[]
score_only_seed14,score_only,14,pure_random,31,25,348,12,12,-0.112,-0.020806451612903225,0.5402298850574713,1.0,0.0001532567049808429,-1.909992584352983e-05,0.5998498498498499,0.008258258258258258,-0.00019719719719719724,-3.780393296522329e-05,0.6298798798798799,0.03978978978978979,-0.00019669669669669673,-3.65022280344861e-05,0.6809309309309309,0.1614114114114114,-0.00017317317317317317,-3.247602441150828e-05,6.5,1.0,-0.0018333333333333333,-0.0003211405529953917,0.9045338441890166,25.22685185185185,0.00810743933588761,0.0019661348257322946,46.17142857143335,-1689.8285714285666,-0.5786666666666667,-0.44798387096774195,unknown_final,5c6c737e0c3a3d47a71de31e940c7f4b9cd2d4a98a82d239730868683aa70b08,[]
score_only_seed15,score_only,15,pure_random,31,39,304,16,8,-0.096,-0.017225806451612903,0.6052631578947368,0.75,4.824561403508772e-05,3.415747028862479e-05,0.5735735735735735,0.023273273273273273,-0.00018343343343343342,-3.130146275307565e-05,0.6036036036036037,0.060810810810810814,-0.00018093093093093094,-3.092306015693112e-05,0.668918918918919,0.18393393393393392,-0.0001616616616616617,-2.1459968032548685e-05,6.0,1.25,-0.0015833333333333333,-0.0002760752688172043,1.0364583333333333,19.20138888888889,0.006054976851851852,0.0013847469571385902,90.17142857143335,-1041.8285714285666,-0.37733333333333335,-0.25816129032258067,escapable_final,a502020e2756deefea2bbe076e600b38e75191797235384f252b2ddfa52c483a,[]
score_only_seed16,score_only,16,pure_random,31,23,420,12,8,-0.136,-0.025048387096774198,0.5333333333333333,1.0,0.00015555555555555556,2.8225806451612902e-05,0.6096096096096096,0.010510510510510511,-0.0001996996996996997,-3.947193160902839e-05,0.6306306306306306,0.04054054054054054,-0.00019669669669669667,-3.859101036520391e-05,0.6816816816816816,0.15990990990990991,-0.0001739239239239239,-3.587559333527076e-05,7.5,1.0,-0.0021666666666666666,-0.00040860215053763443,0.7536375661375662,25.671296296296298,0.008305886243386244,0.0026086416197303288,298.17142857143335,-921.8285714285666,-0.4066666666666667,-0.23219354838709677,unknown_final,fb297b8b81696cbab052adfe813cfbe3db15bc7a020370e9766f7d1a2f768d10,[]
score_only_seed17,score_only,17,pure_random,31,26,168,12,8,-0.052,-0.00953225806451613,0.5476190476190477,1.0,0.00015079365079365077,3.5627880184331795e-05,0.4339339339339339,0.006756756756756757,-0.0001423923923923924,-2.6545698924731185e-05,0.4722222222222222,0.03753753753753754,-0.0001448948948948949,-2.4544705996318902e-05,0.5540540540540541,0.15615615615615616,-0.00013263263263263263,-2.939128644773806e-05,4.333333333333333,1.0,-0.0011111111111111111,-0.00022264784946236557,1.853505291005291,25.627314814814813,0.007924603174603174,0.0015598555640894344,-441.82857142856665,-997.8285714285666,-0.18533333333333332,-0.06543548387096774,unknown_final,d9ee2d6ce9a8c56742c1b84c4879f03436b15d74758f5b4716c8ddecebd44d4f,[]
score_only_seed18,score_only,18,pure_random,31,29,352,16,12,-0.112,-0.01975806451612903,0.48863636363636365,1.0,0.00017045454545454544,2.286473607038123e-05,0.5878378378378378,0.023273273273273273,-0.0001881881881881882,-3.1909934127676065e-05,0.6201201201201201,0.05780780780780781,-0.00018743743743743742,-2.9494211953889365e-05,0.674924924924925,0.19894894894894896,-0.00015865865865865865,-2.1550784655623362e-05,11.0,1.0,-0.0033333333333333335,-0.0005940860215053763,0.8994633838383839,19.26215277777778,0.006120896464646465,0.0003313263260969915,310.17142857143335,-901.8285714285666,-0.404,-0.03251612903225806,unknown_final,a0a5b5899c2731bcc27b58df997aeb9d2405bd42b9b64fcaac3c850ea2fdf5c2,[]
score_only_seed19,score_only,19,pure_random,31,27,196,8,8,-0.06266666666666666,-0.010951612903225806,0.5714285714285714,1.5,0.00030952380952380956,4.137864823348695e-05,0.44069069069069067,0.003003003003003003,-0.00014589589589589588,-2.627022183473796e-05,0.49324324324324326,0.02027027027027027,-0.00015765765765765765,-2.5846410927056088e-05,0.5780780780780781,0.12312312312312312,-0.00015165165165165165,-1.709774290419452e-05,4.0,0.75,-0.0010833333333333333,-0.00019102822580645162,1.59452947845805,38.78819444444444,0.012397888321995464,0.0016313722649678156,-277.82857142856665,-597.8285714285666,-0.10666666666666667,0.10869354838709677,false_basin_final,95ec6e5a980206ee0c200d73aee8ba54225eb400b60815fb572c8222c69e052f,[]
score_only_seed20,score_only,20,pure_random,31,43,224,8,8,-0.072,-0.01432258064516129,0.4642857142857143,1.0,0.00017857142857142857,4.142665130568356e-05,0.5015015015015015,0.0045045045045045045,-0.00016566566566566566,-3.293616196842004e-05,0.5375375375375375,0.012012012012012012,-0.0001751751751751752,-3.639930252833479e-05,0.5908408408408409,0.11561561561561562,-0.00015840840840840843,-3.786145015983726e-05,5.333333333333333,1.0,-0.0014444444444444444,-0.00029099462365591395,1.3991815476190477,38.28125,0.012294022817460316,0.003933522578778375,-149.82857142856665,-1181.8285714285666,-0.344,-0.24225806451612902,unknown_final,f098dca79416283392bd51146fc13c78d1185624b2f8433a6594ae73ffabe998,[]
threshold_accepting_seed1,threshold_accepting,1,pure_random,31,2738,764,32,16,-0.244,-0.04499999999999999,0.5863874345549738,0.75,5.453752181500874e-05,3.120361226202723e-05,0.7312312312312312,0.07657657657657657,-0.0002182182182182182,-4.285333720817592e-05,0.7394894894894894,0.12462462462462462,-0.00020495495495495493,-4.1336699602828636e-05,0.759009009009009,0.31981981981981983,-0.0001463963963963964,-3.168289256998934e-05,10.0,1.4,-0.0028666666666666667,-0.000540994623655914,0.42041157649796396,9.588541666666666,0.0030560433633895676,0.0011122253145159566,970.1714285714334,-1097.8285714285666,-0.6893333333333334,-0.07874193548387096,escapable_final,b9b70cf8ecb4bafe67b12383bf4c717772aef16861e3b96cfa0b0314692a900b,[]
threshold_accepting_seed2,threshold_accepting,2,pure_random,31,2762,304,24,16,-0.09333333333333334,-0.01833870967741936,0.5921052631578947,0.6666666666666666,2.4853801169590648e-05,-2.5210876654000574e-06,0.5645645645645646,0.06381381381381382,-0.00016691691691691693,-3.710161774677904e-05,0.5953453453453453,0.10585585585585586,-0.00016316316316316315,-3.734379540831154e-05,0.6651651651651652,0.24174174174174173,-0.00014114114114114116,-3.503099874067617e-05,6.666666666666667,1.6666666666666667,-0.0016666666666666668,-0.00036373847926267285,1.0590277777777777,12.900462962962964,0.003947145061728396,0.001376210155227713,1078.1714285714334,-697.8285714285666,-0.592,-0.10279032258064517,escapable_final,7031cc56e204f45624eb337dc329cc3d4935eca777fdd47a8d613e40f364f326,[]
threshold_accepting_seed3,threshold_accepting,3,pure_random,31,2762,340,24,12,-0.10533333333333333,-0.02003225806451613,0.6352941176470588,0.6666666666666666,1.0457516339869281e-05,2.9284885997409722e-05,0.6088588588588588,0.03978978978978979,-0.00018968968968968968,-3.820352610675191e-05,0.6478978978978979,0.07357357357357357,-0.00019144144144144144,-3.7752470212147634e-05,0.6944444444444444,0.22372372372372373,-0.0001569069069069069,-3.1658674803836094e-05,6.5,1.4,-0.0017,-0.0003680107526881721,0.9264705882352942,12.799768518518519,0.003957765976761075,0.0008306226186711246,78.17142857143335,-1045.8285714285666,-0.37466666666666665,-0.14220967741935484,escapable_final,75230a18c1c493d30d5adf503145b7296e1ad35d287369146cd4aa082c79f958,[]
threshold_accepting_seed4,threshold_accepting,4,pure_random,31,2756,196,52,16,-0.048,-0.009225806451612903,0.42857142857142855,0.5384615384615384,3.663003663003663e-05,-5.1861780692425855e-06,0.4924924924924925,0.14864864864864866,-0.0001146146146146146,-1.82753317833963e-05,0.5262762762762763,0.21021021021021022,-0.00010535535535535534,-1.7430737188801703e-05,0.5908408408408409,0.35960960960960964,-7.707707707707708e-05,-1.3083648164293327e-05,5.0,2.0,-0.001,-0.0002426747311827957,1.5861678004535147,5.924679487179487,0.001446170562241991,0.0004344789712451243,-513.8285714285666,-917.8285714285666,-0.13466666666666666,-0.10340322580645162,escapable_final,936b4435916816f31dfb2d06e9b3f2e39b11a5f50aa750c7755b4189c4138548,[]
threshold_accepting_seed5,threshold_accepting,5,near_hit_seed,31,2768,4,28,4,0.008,0.0010000000000000002,2.0,0.8571428571428571,-0.0003809523809523809,-2.4908794162826432e-05,0.003003003003003003,0.04954954954954955,1.5515515515515516e-05,-1.4318754238109075e-06,0.00975975975975976,0.09384384384384384,2.8028028028028025e-05,-1.5196648261164403e-06,0.10135135135135136,0.24024024024024024,4.62962962962963e-05,3.7931076237527806e-06,0.6666666666666666,1.3333333333333333,0.0002222222222222222,4.0389784946236565e-05,77.9375,10.985119047619047,-0.022317460317460316,-0.0036527605100059738,-389.82857142856665,-989.8285714285666,-0.2,-0.01975806451612903,escapable_final,2e5e5225ee46573a79daa72315e01d8a70ac8c445cf5ead25008923821bfdd78,[]
threshold_accepting_seed6,threshold_accepting,6,near_hit_seed,31,2761,4,16,4,0.004,-0.0010645161290322581,2.0,0.75,-0.0004166666666666667,-3.1685518782292975e-05,0.0007507507507507507,0.023273273273273273,7.507507507507507e-06,-8.745640802092414e-06,0.0015015015015015015,0.05780780780780781,1.8768768768768768e-05,-9.036253995931416e-06,0.08333333333333333,0.18393393393393392,3.3533533533533535e-05,-4.280490167586943e-06,0.5,1.25,0.00025,-6.858678955453149e-05,77.22222222222223,19.321180555555557,-0.019300347222222222,-0.0029429229167636426,-801.8285714285666,-765.8285714285666,0.012,-0.0629516129032258,escapable_final,4d6ce640e1053587a9a79c1824db657a2c04a1297896a29dac2c810af0fb43dd,[]
threshold_accepting_seed7,threshold_accepting,7,near_hit_seed,31,2770,4,24,4,0.006666666666666667,0.0026290322580645163,2.0,0.6666666666666666,-0.0004444444444444445,-9.824526951543081e-05,0.0007507507507507507,0.06306306306306306,2.077077077077077e-05,8.500435919790756e-06,0.012762762762762763,0.11411411411411411,3.3783783783783784e-05,1.19575220381672e-05,0.08783783783783784,0.24924924924924924,5.3803803803803804e-05,1.7672914850334204e-05,0.6666666666666666,1.4,0.00024444444444444443,0.00010349462365591399,77.03472222222223,12.753472222222221,-0.021427083333333333,-0.00449897806590935,-909.8285714285666,-1205.8285714285666,-0.09866666666666667,-0.04159677419354839,escapable_final,7a217decb4b256164df77c3c85ac3fcc4ad2ddb8ac36df50293a4c5b942858db,[]
threshold_accepting_seed8,threshold_accepting,8,near_hit_seed,31,2788,4,32,4,0.009333333333333334,0.00382258064516129,3.0,0.5,-0.0008333333333333334,-0.000148489503328213,0.0,0.07732732732732733,2.577577577577578e-05,1.382531725273661e-05,0.010510510510510511,0.13513513513513514,4.1541541541541544e-05,2.1332824760244114e-05,0.08408408408408409,0.2882882882882883,6.806806806806807e-05,2.526821176014725e-05,0.6,1.5714285714285714,0.0003238095238095238,8.792242703533026e-05,77.125,9.577256944444445,-0.02251591435185185,-0.0048738463928358075,-857.8285714285666,-1149.8285714285666,-0.09733333333333333,0.04345161290322581,escapable_final,311559d1f6caf299d9a9c406c263697a0b2cf654a218b09624943b4f2fe023ea,[]
threshold_accepting_seed9,threshold_accepting,9,near_hit_seed,31,2756,4,12,4,0.0026666666666666666,-4.838709677419352e-05,2.0,1.0,-0.0003333333333333333,-5.210035260438486e-05,0.0015015015015015015,0.010510510510510511,3.0030030030030034e-06,1.4954470599631883e-06,0.00975975975975976,0.03753753753753754,9.259259259259259e-06,-1.2108883076625312e-08,0.08258258258258258,0.15315315315315314,2.352352352352352e-05,-4.2683812845103167e-07,0.8,1.0,6.666666666666666e-05,-9.197388632872498e-06,77.09722222222223,25.854166666666668,-0.01708101851851852,-0.0023219132115364477,-873.8285714285666,-605.8285714285666,0.08933333333333333,0.07664516129032257,unknown_final,8ace3ddbe714368bc5131bbe641a306c2fcb8354e5ca1b0bd9916fafa7f43276,[]
threshold_accepting_seed10,threshold_accepting,10,near_hit_seed,31,2763,4,32,4,0.009333333333333334,0.002129032258064516,2.0,0.375,-0.0005416666666666666,-6.736576595447564e-05,0.0007507507507507507,0.07132132132132132,2.3523523523523525e-05,6.750702315218444e-06,0.006756756756756757,0.12987987987987987,4.104104104104104e-05,9.67802479899254e-06,0.08183183183183183,0.27627627627627627,6.48148148148148e-05,1.251453065969195e-05,0.6666666666666666,1.8,0.00037777777777777777,4.502688172043011e-05,76.57638888888889,9.61111111111111,-0.022321759259259256,-0.003924471329801471,-1173.8285714285666,-993.8285714285666,0.06,0.15124193548387097,escapable_final,7cb6343ea0fc79f47209cdd3bb360d3a3f75137b03f117e39b3c8228b62e52a5,[]
threshold_accepting_seed11,threshold_accepting,11,near_hit_seed,31,2742,8,36,8,0.009333333333333334,0.0034838709677419357,1.5,0.6666666666666666,-0.0002777777777777778,-4.0069328073360334e-05,0.003003003003003003,0.09384384384384384,3.028028028028028e-05,8.730504698246633e-06,0.014264264264264264,0.1478978978978979,4.454454454454454e-05,1.0386394458975102e-05,0.08633633633633633,0.3130630630630631,7.557557557557558e-05,1.7445873292647486e-05,0.8,1.6666666666666667,0.0002888888888888889,9.67741935483872e-06,38.798611111111114,8.45216049382716,-0.010115483539094652,-0.002571013660025757,-585.8285714285666,-1465.8285714285666,-0.29333333333333333,-0.028580645161290323,escapable_final,ceb9d24e991e8d9839e0796a48394a0ee72b9612878f885e8e79e256e7fe598c,[]
threshold_accepting_seed12,threshold_accepting,12,near_hit_seed,31,2736,8,36,8,0.009333333333333334,0.0013387096774193548,1.0,0.4444444444444444,-0.0001851851851851852,-3.0126728110599078e-05,0.005255255255255256,0.10510510510510511,3.3283283283283285e-05,5.503487358326068e-06,0.02177177177177177,0.15015015015015015,4.279279279279279e-05,5.2128741644870714e-06,0.12162162162162163,0.30930930930930933,6.256256256256256e-05,6.490361329071002e-06,1.0,2.0,0.0003333333333333333,3.266129032258065e-05,38.12152777777778,8.466820987654321,-0.009884902263374485,-0.0014964212376258749,-1365.8285714285666,-1389.8285714285666,-0.008,0.08335483870967741,escapable_final,a020330774fb0e210d29f6f6b93f11f05460b6b136f8b1f4f883498b73665df4,[]
threshold_accepting_seed13,threshold_accepting,13,pure_random,31,2763,216,20,16,-0.06533333333333333,-0.012838709677419357,0.48148148148148145,0.6,3.950617283950617e-05,3.8305287902062094e-05,0.503003003003003,0.04279279279279279,-0.0001534034034034034,-3.44195001453066e-05,0.5375375375375375,0.07657657657657657,-0.00015365365365365365,-3.425905744454132e-05,0.6058558558558559,0.21996996996996998,-0.00012862862862862863,-3.012084665310472e-05,4.8,1.5,-0.0010999999999999998,-0.0002185483870967742,1.429783950617284,15.51388888888889,0.004694701646090535,0.0011949014322775243,-809.8285714285666,-601.8285714285666,0.06933333333333333,0.07251612903225807,escapable_final,187aa6d508ae0a0ff723c2795847e15ba3cedb16823ee342c08a6c272f3bdb84,[]
threshold_accepting_seed14,threshold_accepting,14,pure_random,31,2756,272,44,12,-0.076,-0.01532258064516129,0.6323529411764706,0.6363636363636364,1.3368983957219305e-06,1.0635247500759837e-05,0.5675675675675675,0.12012012012012012,-0.00014914914914914914,-3.440436404146081e-05,0.5945945945945946,0.17717717717717718,-0.00013913913913913916,-3.604814491911266e-05,0.6516516516516516,0.3183183183183183,-0.0001111111111111111,-3.174646420614162e-05,5.0,2.0,-0.001,-0.0002239535330261137,1.1751429738562091,7.039141414141414,0.001954666146761735,0.0013675203469706552,746.1714285714334,-681.8285714285666,-0.476,-0.14190322580645162,escapable_final,46a27a2e64f14739d34dc67d22e820738f33bd3f4e1bf53d44585824c9b85c03,[]
threshold_accepting_seed15,threshold_accepting,15,pure_random,31,2745,308,24,12,-0.09466666666666666,-0.01830645161290323,0.5714285714285714,0.5,-2.38095238095238e-05,-2.17583379881767e-05,0.5623123123123123,0.05780780780780781,-0.00016816816816816815,-3.6695970163712096e-05,0.5893393393393394,0.10810810810810811,-0.0001604104104104104,-3.559406180373922e-05,0.6381381381381381,0.25975975975975973,-0.00012612612612612612,-2.9594110239271533e-05,6.0,2.0,-0.0013333333333333333,-0.00016322004608294928,1.0157828282828283,12.871527777777779,0.003951914983164983,0.0011786167526842929,-229.82857142856665,-797.8285714285666,-0.18933333333333333,0.0552258064516129,escapable_final,9011a899cdb8fdc725a865d04bec445eb48fc7c88f3e9531654d99a772b3ae0b,[]
threshold_accepting_seed16,threshold_accepting,16,pure_random,31,2754,260,32,12,-0.076,-0.013387096774193549,0.5692307692307692,0.5,-2.307692307692307e-05,-6.328281933120644e-06,0.5322822822822822,0.07282282282282282,-0.00015315315315315314,-2.7735396687009593e-05,0.5728228228228228,0.11561561561561562,-0.0001524024024024024,-2.759917175239756e-05,0.6554054054054054,0.243993993993994,-0.0001371371371371371,-2.4384263295553616e-05,5.75,1.6,-0.0013833333333333334,-0.00022509600614439325,1.1976495726495726,9.592881944444445,0.0027984107905982907,0.0003355785753194187,-441.82857142856665,-1077.8285714285666,-0.212,-0.03620967741935484,escapable_final,14a963af46586fb6dfdf031768f1febd3281990f6c537b50fe20dd357bd863c8,[]
threshold_accepting_seed17,threshold_accepting,17,near_hit_seed,31,2763,8,24,8,0.005333333333333333,0.00045161290322580643,1.5,0.6666666666666666,-0.0002777777777777778,-3.70157508262347e-05,0.0037537537537537537,0.04279279279279279,1.3013013013013014e-05,1.0383367238205956e-06,0.02027027027027027,0.08333333333333333,2.1021021021021018e-05,1.0958539184345627e-06,0.10960960960960961,0.23798798798798798,4.279279279279279e-05,8.179550518260192e-06,0.75,1.3333333333333333,0.0001944444444444444,1.8120723362658827e-05,38.47222222222222,12.76388888888889,-0.008569444444444444,-0.001217949603320067,-961.8285714285666,-1169.8285714285666,-0.06933333333333333,0.006790322580645161,escapable_final,a4f82b7aa20887365cd8f58e4bc6f07d87829f21808e1bbd145f78c52feae4af,[]
threshold_accepting_seed18,threshold_accepting,18,pure_random,31,2764,344,32,8,-0.104,-0.019483870967741936,0.5116279069767442,0.375,-4.554263565891474e-05,-4.995503475435959e-05,0.5638138138138138,0.08333333333333333,-0.00016016016016016016,-3.12772449869224e-05,0.5870870870870871,0.13663663663663664,-0.00015015015015015017,-2.9182408214666286e-05,0.6336336336336337,0.2882882882882883,-0.00011511511511511512,-2.5994744744744744e-05,7.0,1.8,-0.0017333333333333335,-0.00033049155145929335,0.9176356589147286,9.659722222222221,0.002914028854435831,0.00019967098136235143,174.17142857143335,-769.8285714285666,-0.31466666666666665,-0.06593548387096773,escapable_final,27441c4acb90b15f6571b50664100de91500ce360b69dfc01dca6deb73eff939,[]
threshold_accepting_seed19,threshold_accepting,19,pure_random,31,2761,344,40,16,-0.10133333333333333,-0.018290322580645158,0.4883720930232558,0.6,3.7209302325581394e-05,1.5886672560997393e-05,0.5870870870870871,0.12612612612612611,-0.00015365365365365368,-2.6055289160127876e-05,0.6073573573573574,0.17192192192192193,-0.00014514514514514518,-2.569202266782912e-05,0.6576576576576577,0.3048048048048048,-0.00011761761761761763,-1.9168361910297395e-05,6.5,2.5,-0.0013333333333333333,-0.0002682379672299028,0.9170704134366925,7.758333333333334,0.0022804209732988803,0.00021247499090587806,146.17142857143335,-593.8285714285666,-0.24666666666666667,-0.07156451612903225,escapable_final,7779ed26d0f1d989e2cafa6b5cdca94e970b6be6af8a30941c01397365131463,[]
threshold_accepting_seed20,threshold_accepting,20,pure_random,31,2735,216,16,16,-0.06666666666666667,-0.013483870967741935,0.5370370370370371,0.75,7.098765432098764e-05,2.00110261602197e-05,0.46096096096096095,0.02027027027027027,-0.00014689689689689688,-3.0132955536181344e-05,0.49174174174174173,0.05555555555555555,-0.0001453953953953954,-3.203405017921147e-05,0.5758258258258259,0.1921921921921922,-0.0001278778778778779,-3.2321636152281315e-05,4.5,1.1428571428571428,-0.0011190476190476191,-0.00025012480798771125,1.4252829218106995,19.036458333333332,0.005870391803840878,0.0019125667537671905,-949.8285714285666,-1421.8285714285666,-0.15733333333333333,-0.014483870967741936,escapable_final,13bada7c34deef52a2e183ff0c3cb389dc8fa2b49a58b443e4ae1f808cacf39e,[]
mixed_diversity_seed1,mixed_diversity,1,low_energy_random,31,1945,300,28,8,-0.09066666666666667,-0.013338709677419356,0.5333333333333333,0.5714285714285714,1.269841269841269e-05,-2.6491295442908356e-05,0.5563063063063063,0.06981981981981981,-0.00016216216216216215,-1.8326794536471955e-05,0.5923423423423423,0.11936936936936937,-0.00015765765765765765,-1.1128063547418381e-05,0.6531531531531531,0.25825825825825827,-0.00013163163163163163,-1.4560931899641533e-06,6.25,1.6,-0.0015500000000000002,-0.00023501344086021504,1.047962962962963,11.043650793650794,0.0033318959435626105,-0.0020120902626656993,-9.828571428566647,-753.8285714285666,-0.248,0.0012580645161290299,escapable_final,fefdf4713b33c9f8173984811873fbd914be90cb9e1f48aeec34211612352f31,[]
mixed_diversity_seed2,mixed_diversity,2,pure_random,31,1908,308,24,8,-0.09466666666666666,-0.01833870967741936,0.5454545454545454,0.6666666666666666,4.0404040404040405e-05,4.364730251827026e-05,0.5548048048048048,0.044294294294294295,-0.00017017017017017014,-3.378681100455294e-05,0.5900900900900901,0.09084084084084085,-0.0001664164164164164,-3.513695146759663e-05,0.6591591591591591,0.23273273273273273,-0.00014214214214214213,-3.126816332461494e-05,5.5,1.4,-0.0013666666666666666,-0.00039907834101382485,1.0172258297258296,12.79861111111111,0.0039271284271284275,0.0016561695211119774,-165.82857142856665,-1049.8285714285666,-0.2946666666666667,-0.00490322580645161,escapable_final,c4c6c7247732f989c080dc0b8556070a09d5a07bb0ad2d11c739da77a82e1589,[]
mixed_diversity_seed3,mixed_diversity,3,score_biased_random,31,1934,168,36,16,-0.044,-0.007725806451612903,0.5476190476190477,0.6666666666666666,3.9682539682539655e-05,-1.6437415630964088e-06,0.43243243243243246,0.09084084084084085,-0.00011386386386386386,-1.9080572507991864e-05,0.46396396396396394,0.13813813813813813,-0.0001086086086086086,-1.7724377603409866e-05,0.5382882882882883,0.2822822822822823,-8.533533533533534e-05,-1.4233992056572698e-05,4.0,1.5,-0.0008333333333333334,-0.00017748655913978493,1.8849206349206349,8.606481481481481,0.002240520282186949,0.0002451387292827146,318.17142857143335,-665.8285714285666,-0.328,-0.017338709677419354,escapable_final,06cf4dd1aa88ff5f3010534c3b097d0ac9a4d8280689f2bb4fbc0f04b42da861,[]
mixed_diversity_seed4,mixed_diversity,4,mixed_diversity,31,1931,124,24,12,-0.03333333333333333,-0.006193548387096774,0.45161290322580644,0.5,1.612903225806452e-05,1.2693664007399697e-05,0.3566066066066066,0.057057057057057055,-9.984984984984985e-05,-2.1980650004843552e-05,0.4091591591591592,0.1036036036036036,-0.00010185185185185186,-2.2982660079434275e-05,0.5,0.24324324324324326,-8.558558558558558e-05,-1.8944347573379834e-05,3.5,1.6,-0.0006333333333333333,-9.576612903225807e-05,2.4849910394265233,12.89699074074074,0.003470666567104739,0.0011346826060667165,-909.8285714285666,-709.8285714285666,0.06666666666666667,0.022999999999999996,escapable_final,29a58cfa455cbebc1a2ff0c671d210ac3637ef258b6dbb40f695d65622059fe9,[]
mixed_diversity_seed5,mixed_diversity,5,pure_random,31,1908,316,16,12,-0.1,-0.02032258064516129,0.620253164556962,0.5,-4.0084388185654e-05,2.7436044514443868e-05,0.5765765765765766,0.038288288288288286,-0.0001794294294294294,-4.1778673835125446e-05,0.5998498498498499,0.07207207207207207,-0.00017592592592592592,-4.382507507507507e-05,0.6666666666666666,0.19369369369369369,-0.00015765765765765765,-4.172418386128063e-05,5.666666666666667,1.5,-0.001388888888888889,-0.00040497311827956994,1.0194268635724333,19.303819444444443,0.006094797526957336,0.001983228734374584,1106.1714285714334,-805.8285714285666,-0.6373333333333333,0.003258064516129032,escapable_final,71171acd2489c463cdcec8392b90199dc56e291a3051aeb8db2b0a68e25f3a0d,[]
mixed_diversity_seed6,mixed_diversity,6,low_energy_random,31,1968,152,32,8,-0.04,-0.007838709677419354,0.5526315789473685,0.5,-1.7543859649122826e-05,6.206039291777828e-06,0.40540540540540543,0.07657657657657657,-0.00010960960960960962,-2.2985687300203435e-05,0.44744744744744747,0.12762762762762764,-0.00010660660660660661,-2.3621403661726244e-05,0.53003003003003,0.24924924924924924,-9.35935935935936e-05,-2.1381260292550613e-05,4.4,1.6,-0.0009333333333333334,-0.00022674731182795705,2.065058479532164,9.59201388888889,0.002508985136452242,0.0007612704511334338,-81.82857142856665,-1081.8285714285666,-0.3333333333333333,-0.026112903225806453,escapable_final,03f66e42e8fc6f8e88afb0bbdbd46fae850e68172a5372baa74877f34a96764b,[]
mixed_diversity_seed7,mixed_diversity,7,mixed_diversity,31,1962,204,28,12,-0.058666666666666666,-0.012483870967741936,0.5490196078431373,0.5714285714285714,7.4696545284780316e-06,5.58484684196259e-05,0.4617117117117117,0.06306306306306306,-0.0001328828828828829,-2.960621912234816e-05,0.506006006006006,0.09984984984984985,-0.00013538538538538538,-3.392303593916497e-05,0.5863363363363363,0.25375375375375375,-0.00011086086086086085,-2.9884723433110533e-05,4.5,2.0,-0.0008333333333333334,-0.0002558755760368664,1.582244008714597,11.084325396825397,0.0031673604627036004,0.002138722693938687,1198.1714285714334,-589.8285714285666,-0.596,-0.050483870967741935,escapable_final,aaf47cd288f86772f9a907bbf46c336fe3574e7929da4d789453a73d383c7e73,[]
mixed_diversity_seed8,mixed_diversity,8,mixed_diversity,31,1885,212,32,12,-0.06,-0.013209677419354839,0.49056603773584906,0.625,4.481132075471698e-05,3.987886373956065e-05,0.49324324324324326,0.0915915915915916,-0.0001338838838838839,-3.252445994381479e-05,0.5277777777777778,0.13663663663663664,-0.0001303803803803804,-3.590283832219316e-05,0.5998498498498499,0.27927927927927926,-0.00010685685685685688,-3.2067349607672195e-05,5.5,1.6,-0.0013,-0.0003014784946236559,1.4538784067085955,9.567708333333334,0.0027046099755415796,0.002370090528847019,-897.8285714285666,-1193.8285714285666,-0.09866666666666667,0.06469354838709677,escapable_final,3aa2b3073f6ae63faa4bf6ef248a38472ec653ed754d148b4dbc3fd7183f2aec,[]
mixed_diversity_seed9,mixed_diversity,9,low_energy_random,31,1958,212,16,8,-0.06533333333333333,-0.011935483870967739,0.5660377358490566,0.75,6.132075471698113e-05,-1.5399747848013215e-05,0.4594594594594595,0.01876876876876877,-0.0001468968968968969,-2.894628499467209e-05,0.5075075075075075,0.04504504504504504,-0.00015415415415415416,-3.101993122154412e-05,0.5923423423423423,0.1906906906906907,-0.00013388388388388387,-2.409062288094546e-05,5.0,1.2,-0.0012666666666666666,-0.00027883064516129037,1.480607966457023,19.194444444444443,0.00590461215932914,0.0008875040304466276,-81.82857142856665,-1057.8285714285666,-0.3253333333333333,-0.15846774193548388,escapable_final,83a62867575ffc0b96e054460d5908febb7a70f7fa38388fe4aae5603844c587,[]
mixed_diversity_seed10,mixed_diversity,10,mixed_diversity,31,1853,188,12,8,-0.058666666666666666,-0.011338709677419356,0.574468085106383,1.0,0.00014184397163120565,5.896234380276934e-05,0.45345345345345345,0.006756756756756757,-0.0001488988988988989,-3.1274217766153253e-05,0.4954954954954955,0.03003003003003003,-0.00015515515515515516,-3.369296716070909e-05,0.5788288288288288,0.14564564564564564,-0.0001443943943943944,-3.381708321224451e-05,3.5,1.0,-0.0008333333333333334,-0.00022620967741935483,1.6477541371158393,25.541666666666668,0.007964637509850277,0.001497440565983457,-673.8285714285666,-1145.8285714285666,-0.15733333333333333,-0.005951612903225809,unknown_final,34581af9f2225e35c4e4bc03cf0a9f1bec27a38f742779e21c8a0eb659e12e46,[]
mixed_diversity_seed11,mixed_diversity,11,low_energy_random,31,1912,184,16,16,-0.056,-0.01032258064516129,0.5869565217391305,0.75,5.4347826086956503e-05,4.431490571918342e-05,0.42492492492492495,0.027777777777777776,-0.00013238238238238238,-2.2516468080984213e-05,0.4767267267267267,0.05780780780780781,-0.00013963963963963964,-2.528637508476218e-05,0.5645645645645646,0.19894894894894896,-0.00012187187187187187,-2.319759275404437e-05,4.5,1.3333333333333333,-0.0010555555555555557,-0.00015422427035330263,1.7093900966183575,19.19965277777778,0.005830087560386474,0.0011889067547666047,10.171428571433353,-1045.8285714285666,-0.352,0.01367741935483871,escapable_final,ac286f9922c82f99a5cd24ec37f60322b78593a1d12654f76874faba6763c0ff,[]
mixed_diversity_seed12,mixed_diversity,12,pure_random,31,1902,504,28,12,-0.15866666666666668,-0.029048387096774195,0.5634920634920635,0.5714285714285714,2.645502645502636e-06,-3.8290450588837686e-05,0.6478978978978979,0.06156156156156156,-0.00019544544544544543,-3.6677806839097156e-05,0.6644144144144144,0.10960960960960961,-0.00018493493493493493,-3.5124842584519996e-05,0.7012012012012012,0.25075075075075076,-0.00015015015015015014,-2.9424585876198784e-05,7.666666666666667,1.5,-0.0020555555555555557,-0.0003493951612903226,0.6350859788359788,11.038690476190476,0.0034678681657848323,0.0005785366930150197,810.1714285714334,-773.8285714285666,-0.528,-0.1448225806451613,escapable_final,dae951179cd0c16d2a299ad60db20a391648091ff9381b2a2fb44716a1bcf5da,[]
mixed_diversity_seed13,mixed_diversity,13,low_energy_random,31,1908,232,28,12,-0.068,-0.013629032258064517,0.5862068965517241,0.42857142857142855,-5.254515599343185e-05,2.6499902890336713e-05,0.49624624624624625,0.06906906906906907,-0.0001423923923923924,-3.0196527172333625e-05,0.5382882882882883,0.12537537537537538,-0.00013763763763763767,-3.193112467306016e-05,0.6126126126126126,0.2702702702702703,-0.0001141141141141141,-2.9466966966966966e-05,4.333333333333333,1.8,-0.0008444444444444444,-0.0003002016129032258,1.3553639846743295,10.993055555555555,0.0032125638569604083,0.0014938116568195998,-1.8285714285666472,-957.8285714285666,-0.31866666666666665,-0.08666129032258064,escapable_final,e9421e54eed54bbdf748f2805f1dc3bd4fcdfae8c2ea2c3be0444cb638d56d92,[]
mixed_diversity_seed14,mixed_diversity,14,low_energy_random,31,1875,280,36,8,-0.08133333333333333,-0.014258064516129034,0.5142857142857142,0.4444444444444444,-2.3280423280423272e-05,-1.6228238607270865e-05,0.5330330330330331,0.09009009009009009,-0.00014764764764764766,-2.373341083018502e-05,0.5630630630630631,0.14339339339339338,-0.0001398898898898899,-2.132979753947496e-05,0.6201201201201201,0.2905405405405405,-0.00010985985985985985,-1.658614259420711e-05,5.6,1.8333333333333333,-0.0012555555555555555,-0.0002481278801843318,1.118452380952381,8.57716049382716,0.0024862360376249264,0.0003400840876038287,-185.82857142856665,-817.8285714285666,-0.21066666666666667,-0.049483870967741934,escapable_final,c8df458a36b877945d0acc0083b98d79f79759d9ae3ba2a0bde7654aece95d19,[]
mixed_diversity_seed15,mixed_diversity,15,pure_random,31,1904,268,20,16,-0.08266666666666667,-0.013693548387096775,0.5074626865671642,0.6,3.0845771144278594e-05,-2.7625911341907976e-05,0.512012012012012,0.03678678678678678,-0.0001584084084084084,-1.9625472246439984e-05,0.5405405405405406,0.08633633633633633,-0.0001514014014014014,-1.6416618231134363e-05,0.6253753753753754,0.23648648648648649,-0.0001296296296296296,-1.2880824372759857e-05,6.333333333333333,1.4,-0.0016444444444444445,-0.0002547043010752688,1.1748548922056385,15.17361111111111,0.004666252072968491,0.0004489819109617046,58.17142857143335,-1581.8285714285666,-0.5466666666666666,-0.12466129032258065,escapable_final,1ca25fbdbaf15a48d0668c412ef7ba0a5e10f9626cac472e3b130a581aba1210,[]
mixed_diversity_seed16,mixed_diversity,16,pure_random,31,1878,820,20,16,-0.26666666666666666,-0.04746774193548387,0.5463414634146342,0.4,-4.878048780487806e-05,-1.5784541917999834e-05,0.7154654654654654,0.04054054054054054,-0.00022497497497497496,-4.0162137944396004e-05,0.7282282282282282,0.0915915915915916,-0.0002122122122122122,-3.754359197907584e-05,0.7545045045045045,0.22072072072072071,-0.00017792792792792792,-2.9836287900804027e-05,11.666666666666666,1.6666666666666667,-0.0033333333333333335,-0.0006165994623655914,0.39529132791327914,15.483333333333333,0.005029347335140018,0.0002902992263049552,1394.1714285714334,-689.8285714285666,-0.6946666666666667,-0.054774193548387085,escapable_final,553662d261794b49e929e7258ef856b1428a8a56b0669855db8c4e42a5012b7c,[]
mixed_diversity_seed17,mixed_diversity,17,score_biased_random,31,1949,208,24,16,-0.06133333333333333,-0.010274193548387099,0.40384615384615385,0.5,3.205128205128205e-05,3.322551104809169e-05,0.46321321321321324,0.048798798798798795,-0.00013813813813813816,-2.2271263198682555e-05,0.506006006006006,0.09009009009009009,-0.00013863863863863865,-2.3333817688656404e-05,0.5855855855855856,0.24549549549549549,-0.00011336336336336337,-1.6343964932674615e-05,5.0,1.6,-0.0011333333333333332,-0.0002185387864823349,1.5178952991452992,12.751157407407407,0.0037444207027540356,0.00034846216055263424,182.17142857143335,-1213.8285714285666,-0.4653333333333333,-0.023564516129032254,escapable_final,9e9740264bb654b1daf7901a59f6987c0335f15ac9feae423ac7dd2d5a44f977,[]
mixed_diversity_seed18,mixed_diversity,18,low_energy_random,31,1890,312,20,8,-0.09733333333333333,-0.017870967741935483,0.5769230769230769,0.8,7.435897435897439e-05,-3.034901926030953e-06,0.5803303303303303,0.03978978978978979,-0.00018018018018018018,-3.255170493073718e-05,0.6156156156156156,0.07132132132132132,-0.00018143143143143145,-3.368691271917079e-05,0.6861861861861862,0.19519519519519518,-0.00016366366366366367,-3.0907924053085345e-05,7.5,1.3333333333333333,-0.0020555555555555557,-0.00041428571428571426,1.0094373219373218,15.244444444444444,0.004745002374169041,0.0006696425212239223,70.17142857143335,-1377.8285714285666,-0.4826666666666667,-0.05882258064516129,escapable_final,a45b248deb158d2b0e53fc49af9dd2c685b30ed56cdd50a7147a5f4eed2b57ae,[]
mixed_diversity_seed19,mixed_diversity,19,score_biased_random,31,1944,148,16,16,-0.044,-0.008048387096774193,0.5405405405405406,0.75,6.981981981981981e-05,2.4170455017229204e-05,0.36786786786786785,0.014264264264264264,-0.00011786786786786786,-2.1251089799476893e-05,0.4159159159159159,0.0472972972972973,-0.00012287287287287286,-2.2828271820207302e-05,0.5217717717717718,0.18768768768768768,-0.00011136136136136137,-2.1871670057153935e-05,4.0,1.3333333333333333,-0.000888888888888889,-0.00013858486943164362,2.0863363363363363,19.03298611111111,0.005648883258258258,0.0011133504994770115,-817.8285714285666,-1429.8285714285666,-0.204,0.0006290322580645149,escapable_final,950cfd90b82b971485a304906bb55b13ff77c5e8cdee747d174450c800ff02eb,[]
mixed_diversity_seed20,mixed_diversity,20,score_biased_random,31,1955,132,24,8,-0.036,-0.00514516129032258,0.45454545454545453,0.6666666666666666,7.07070707070707e-05,3.5621188846995315e-06,0.36786786786786785,0.04804804804804805,-0.0001066066066066066,-1.4624503535793859e-05,0.4196696696696697,0.10510510510510511,-0.00010485485485485485,-1.3029158190448511e-05,0.5135135135135135,0.23798798798798798,-9.184184184184183e-05,-8.600334205172909e-06,3.5714285714285716,1.6666666666666667,-0.0006349206349206349,-0.0001212557603686636,2.3360690235690234,12.960648148148149,0.003541526374859708,0.0002493422700264938,-877.8285714285666,-489.82857142856665,0.12933333333333333,-0.0419516129032258,escapable_final,f60b40c8653e7e2d465e0d542cffd04a5bc8db4b167fc02c7d291a807169cb84,[]
exact_derived_return_seed1,exact_derived_return,1,exact_perturbation,5,4,140,0,0,-35.0,-32.0,0.45714285714285713,,,-0.12829670329670328,0.35585585585585583,0.0,-0.08896396396396396,-0.08235735735735736,0.4084084084084084,0.0,-0.1021021021021021,-0.09534534534534535,0.5142642642642643,0.03228228228228228,-0.1204954954954955,-0.109009009009009,4.0,0.0,-1.0,-0.8133333333333332,2.199603174603175,,,1.8692242826617824,-937.8285714285666,-837.8285714285666,25.0,53.6,success_score0,5f50c5e7835e0f557d3ae03ad8661db63f721f625e712cf499fc16e2b20de38b,"[""outputs/explorations/20260506_1638_p37_trajectory_signature_tracking/score0_candidate_exact_derived_return_seed1.json""]"
exact_derived_return_seed2,exact_derived_return,2,exact_perturbation,5,4,152,0,0,-38.0,-37.6,0.5263157894736842,,,-0.16922371287696364,0.3933933933933934,0.0,-0.09834834834834835,-0.0972972972972973,0.4451951951951952,0.0,-0.1112987987987988,-0.10833333333333332,0.53003003003003,0.03228228228228228,-0.12443693693693693,-0.11486486486486487,4.5,0.0,-1.125,-1.04,2.0657894736842106,,,2.138132015314248,-65.82857142856665,-837.8285714285666,-193.0,-176.4,success_score0,5f50c5e7835e0f557d3ae03ad8661db63f721f625e712cf499fc16e2b20de38b,[]
exact_derived_return_seed3,exact_derived_return,3,exact_perturbation,5,4,104,0,0,-26.0,-25.6,0.3076923076923077,,,-0.11064102564102565,0.30855855855855857,0.0,-0.07713963963963964,-0.075,0.36261261261261263,0.0,-0.09065315315315316,-0.0867867867867868,0.47822822822822825,0.03228228228228228,-0.11148648648648649,-0.10367867867867868,3.6666666666666665,0.0,-0.9166666666666666,-0.9333333333333332,3.0096153846153846,,,2.119453347578348,-209.82857142856665,-837.8285714285666,-157.0,-144.4,success_score0,5f50c5e7835e0f557d3ae03ad8661db63f721f625e712cf499fc16e2b20de38b,[]
exact_derived_return_seed4,exact_derived_return,4,exact_perturbation,5,4,84,0,0,-21.0,-22.4,0.5238095238095238,,,-0.15977443609022557,0.26426426426426425,0.0,-0.06606606606606606,-0.07297297297297298,0.31456456456456455,0.0,-0.07864114114114114,-0.08513513513513513,0.43018018018018017,0.03228228228228228,-0.09947447447447447,-0.10037537537537537,2.75,0.0,-0.6875,-0.6,3.758267195767196,,,3.8643802213868,178.17142857143335,-837.8285714285666,-254.0,-282.0,success_score0,5f50c5e7835e0f557d3ae03ad8661db63f721f625e712cf499fc16e2b20de38b,[]
exact_derived_return_seed5,exact_derived_return,5,exact_perturbation,5,4,180,0,0,-45.0,-47.6,0.6,,,-0.1790455991516437,0.4241741741741742,0.0,-0.10604354354354355,-0.11171171171171172,0.4624624624624625,0.0,-0.11561561561561562,-0.11824324324324324,0.5330330330330331,0.03228228228228228,-0.1251876876876877,-0.12304804804804806,3.4,0.0,-0.85,-0.7849999999999999,1.761111111111111,,,1.565942654942854,366.17142857143335,-837.8285714285666,-301.0,-296.4,success_score0,5f50c5e7835e0f557d3ae03ad8661db63f721f625e712cf499fc16e2b20de38b,[]
exact_derived_return_seed6,exact_derived_return,6,exact_perturbation,5,4,160,0,0,-40.0,-41.6,0.475,,,-0.15387254901960784,0.4166666666666667,0.0,-0.10416666666666667,-0.11156156156156156,0.46546546546546547,0.0,-0.11636636636636637,-0.12297297297297298,0.5420420420420421,0.03228228228228228,-0.12743993993993996,-0.12950450450450451,4.333333333333333,0.0,-1.0833333333333333,-1.0333333333333332,1.9350694444444445,,,3.4747828159041396,-697.8285714285666,-837.8285714285666,-35.0,-44.4,success_score0,5f50c5e7835e0f557d3ae03ad8661db63f721f625e712cf499fc16e2b20de38b,[]
exact_derived_return_seed7,exact_derived_return,7,exact_perturbation,5,4,136,0,0,-34.0,-30.8,0.4411764705882353,,,-0.12919504643962848,0.3536036036036036,0.0,-0.0884009009009009,-0.08153153153153153,0.3978978978978979,0.0,-0.09947447447447448,-0.09069069069069069,0.49174174174174173,0.03228228228228228,-0.11486486486486486,-0.10307807807807808,3.5,0.0,-0.875,-0.8,2.283700980392157,,,1.7474822984749454,-557.8285714285666,-837.8285714285666,-70.0,-39.6,success_score0,5f50c5e7835e0f557d3ae03ad8661db63f721f625e712cf499fc16e2b20de38b,[]
exact_derived_return_seed8,exact_derived_return,8,exact_perturbation,5,4,48,0,0,-12.0,-10.8,0.5833333333333334,,,-0.2017857142857143,0.15465465465465467,0.0,-0.03866366366366367,-0.03506006006006006,0.21921921921921922,0.0,-0.054804804804804805,-0.04707207207207208,0.3521021021021021,0.03228228228228228,-0.07995495495495494,-0.06794294294294294,2.0,0.0,-0.5,-0.36,6.406828703703703,,,2.294144345238095,-997.8285714285666,-837.8285714285666,40.0,26.8,success_score0,5f50c5e7835e0f557d3ae03ad8661db63f721f625e712cf499fc16e2b20de38b,[]
exact_derived_return_seed9,exact_derived_return,9,exact_perturbation,5,4,112,0,0,-28.0,-28.4,0.5357142857142857,,,-0.16899999999999998,0.3430930930930931,0.0,-0.08577327327327328,-0.08933933933933934,0.3911411411411411,0.0,-0.09778528528528528,-0.09782282282282281,0.4797297297297297,0.03228228228228228,-0.11186186186186185,-0.10518018018018016,2.8333333333333335,0.0,-0.7083333333333334,-0.6416666666666667,2.7738095238095237,,,1.7223710317460317,-545.8285714285666,-837.8285714285666,-73.0,-92.0,success_score0,5f50c5e7835e0f557d3ae03ad8661db63f721f625e712cf499fc16e2b20de38b,[]
exact_derived_return_seed10,exact_derived_return,10,exact_perturbation,5,4,136,0,0,-34.0,-30.4,0.4117647058823529,,,-0.12612681436210849,0.3490990990990991,0.0,-0.08727477477477477,-0.08055555555555556,0.4039039039039039,0.0,-0.10097597597597598,-0.09451951951951952,0.5097597597597597,0.03228228228228228,-0.11936936936936936,-0.10735735735735734,3.75,0.0,-0.9375,-0.8,2.290236928104575,,,3.3184709489856545,-429.82857142856665,-837.8285714285666,-102.0,-78.8,success_score0,5f50c5e7835e0f557d3ae03ad8661db63f721f625e712cf499fc16e2b20de38b,[]
exact_derived_return_seed11,exact_derived_return,11,exact_perturbation,5,4,92,0,0,-23.0,-22.0,0.43478260869565216,,,-0.13043478260869565,0.2897897897897898,0.0,-0.07244744744744745,-0.06966966966966967,0.3355855855855856,0.0,-0.0838963963963964,-0.07822822822822824,0.4316816816816817,0.03228228228228228,-0.09984984984984985,-0.09211711711711712,3.0,0.0,-0.75,-0.63,3.369565217391304,,,1.898952965646806,-641.8285714285666,-837.8285714285666,-49.0,-54.4,success_score0,5f50c5e7835e0f557d3ae03ad8661db63f721f625e712cf499fc16e2b20de38b,[]
exact_derived_return_seed12,exact_derived_return,12,exact_perturbation,5,4,120,0,0,-30.0,-27.6,0.43333333333333335,,,-0.1087878787878788,0.32882882882882886,0.0,-0.08220720720720721,-0.08010510510510511,0.3686186186186186,0.0,-0.09215465465465465,-0.08933933933933934,0.46096096096096095,0.03228228228228228,-0.10716966966966966,-0.10022522522522523,4.25,0.0,-1.0625,-0.925,2.5928240740740742,,,3.2633522727272726,-477.82857142856665,-837.8285714285666,-90.0,-113.2,success_score0,5f50c5e7835e0f557d3ae03ad8661db63f721f625e712cf499fc16e2b20de38b,[]
exact_derived_return_seed13,exact_derived_return,13,exact_perturbation,5,4,108,0,0,-27.0,-26.0,0.5185185185185185,,,-0.1697255960413855,0.3205705705705706,0.0,-0.08014264264264265,-0.08123123123123124,0.37537537537537535,0.0,-0.09384384384384384,-0.0912162162162162,0.47597597597597596,0.03228228228228228,-0.11092342342342341,-0.10337837837837838,3.0,0.0,-0.75,-0.625,2.8580246913580245,,,2.227828970797721,-833.8285714285666,-837.8285714285666,-1.0,28.4,success_score0,5f50c5e7835e0f557d3ae03ad8661db63f721f625e712cf499fc16e2b20de38b,[]
exact_derived_return_seed14,exact_derived_return,14,exact_perturbation,5,4,120,0,0,-30.0,-30.8,0.4666666666666667,,,-0.1280952380952381,0.31756756756756754,0.0,-0.07939189189189189,-0.08408408408408408,0.36936936936936937,0.0,-0.09234234234234234,-0.09662162162162162,0.49024024024024027,0.03228228228228228,-0.11448948948948949,-0.1135885885885886,4.0,0.0,-1.0,-1.0,2.6074074074074076,,,5.620175264550264,-225.82857142856665,-837.8285714285666,-153.0,-142.8,success_score0,5f50c5e7835e0f557d3ae03ad8661db63f721f625e712cf499fc16e2b20de38b,[]
exact_derived_return_seed15,exact_derived_return,15,exact_perturbation,5,4,112,0,0,-28.0,-28.4,0.39285714285714285,,,-0.12654135338345865,0.33783783783783783,0.0,-0.08445945945945946,-0.08956456456456456,0.3836336336336336,0.0,-0.0959084084084084,-0.09924924924924924,0.48348348348348347,0.03228228228228228,-0.11280030030030029,-0.11133633633633633,3.5,0.0,-0.875,-0.7666666666666666,2.810267857142857,,,3.816342157477026,42.17142857143335,-837.8285714285666,-220.0,-228.0,success_score0,5f50c5e7835e0f557d3ae03ad8661db63f721f625e712cf499fc16e2b20de38b,[]
exact_derived_return_seed16,exact_derived_return,16,exact_perturbation,5,4,100,0,0,-25.0,-26.0,0.36,,,-0.11966666666666666,0.27702702702702703,0.0,-0.06925675675675676,-0.07484984984984985,0.33633633633633636,0.0,-0.08408408408408409,-0.0891891891891892,0.45645645645645644,0.03228228228228228,-0.10604354354354353,-0.10480480480480478,3.0,0.0,-0.75,-0.7,3.0927777777777776,,,3.843347222222223,-745.8285714285666,-837.8285714285666,-23.0,-2.0,success_score0,5f50c5e7835e0f557d3ae03ad8661db63f721f625e712cf499fc16e2b20de38b,[]
exact_derived_return_seed17,exact_derived_return,17,exact_perturbation,5,4,120,0,0,-30.0,-27.2,0.5,,,-0.14384615384615382,0.32882882882882886,0.0,-0.08220720720720721,-0.07680180180180181,0.37987987987987987,0.0,-0.09496996996996997,-0.08881381381381381,0.49174174174174173,0.03228228228228228,-0.11486486486486486,-0.10608108108108108,3.3333333333333335,0.0,-0.8333333333333334,-0.7,2.5877314814814816,,,2.6076874745624745,-565.8285714285666,-837.8285714285666,-68.0,-96.4,success_score0,5f50c5e7835e0f557d3ae03ad8661db63f721f625e712cf499fc16e2b20de38b,[]
exact_derived_return_seed18,exact_derived_return,18,exact_perturbation,5,4,64,0,0,-16.0,-17.6,0.4375,,,-0.13428030303030303,0.1831831831831832,0.0,-0.0457957957957958,-0.0521021021021021,0.24774774774774774,0.0,-0.061936936936936936,-0.06561561561561562,0.3761261261261261,0.03228228228228228,-0.08596096096096095,-0.08423423423423423,3.0,0.0,-0.75,-0.6857142857142857,4.822482638888889,,,0.890568520021645,-837.8285714285666,-837.8285714285666,0.0,14.0,success_score0,5f50c5e7835e0f557d3ae03ad8661db63f721f625e712cf499fc16e2b20de38b,[]
exact_derived_return_seed19,exact_derived_return,19,exact_perturbation,5,4,132,0,0,-33.0,-30.0,0.5151515151515151,,,-0.16409090909090912,0.3475975975975976,0.0,-0.0868993993993994,-0.07965465465465466,0.3918918918918919,0.0,-0.09797297297297297,-0.08828828828828829,0.4947447447447447,0.03228228228228228,-0.1156156156156156,-0.10067567567567566,3.5,0.0,-0.875,-0.76,2.3777356902356903,,,1.721496212121212,-85.82857142856665,-837.8285714285666,-188.0,-169.6,success_score0,5f50c5e7835e0f557d3ae03ad8661db63f721f625e712cf499fc16e2b20de38b,[]
exact_derived_return_seed20,exact_derived_return,20,exact_perturbation,5,4,112,0,0,-28.0,-28.4,0.5,,,-0.16964285714285715,0.29954954954954954,0.0,-0.07488738738738739,-0.07612612612612613,0.3400900900900901,0.0,-0.08502252252252253,-0.08596096096096097,0.46321321321321324,0.03228228228228228,-0.10773273273273273,-0.10285285285285287,3.0,0.0,-0.75,-0.6799999999999999,2.7750496031746033,,,3.1385375330687832,-525.8285714285666,-837.8285714285666,-78.0,-102.8,success_score0,5f50c5e7835e0f557d3ae03ad8661db63f721f625e712cf499fc16e2b20de38b,[]
